Title,BggId
Terra Mystica,120677
Magic: The Gathering,463
Tales of the Arabian Nights,34119
Tichu,215
Everdell,199792
The Quacks of Quedlinburg,244521
Castles of Burgundy,84876
Architects of the West Kingdom,236457
Tzolk'in,126163
Just One,254640
Dominant Species,62219
Age of Empires 3: the Age of Discovery,22545
Honey Buzz,284742
Concordia,124361
Dinosaur Island,221194
Grand Austria Hotel,182874
Roll Player,169426
Fresco,66188
War of the Ring,115746
7th Continent,180263
Viticulture,183394
Twice as Clever,269210
Automania,176544
Power Grid,2651
Alien Frontiers,48726
Stone Age,34635
The Mind ,244992
Charterstone,197376
Last Will,97842
Orleans,164928
Ghost Stories,37046
Catch Phrase,19505
Dominion,36218
Pandemic,30549
The Artemis Project,254713
Telestrations,46213
For Sale,172
Yggdrasil,71671
Sherlock Holmes Consulting Detective,2511
Star Wars: Destiny,205359
Carcassonne,822
Wavelength,262543
Twilight Struggle,12333
Roll Through the Ages: The Bronze Age,37380
Ticket to Ride Europe,14996
Android: Netrunner,124742
Mystery of the Abbey,915
Hanabi,98778
The Lord of the Rings (2000 Co Op),823
Raiders of the North Sea,170042