Title,BggId
Terra Mystica,120677
Magic: The Gathering,463
Tichu,215
Lorenzo il Magnifico,203993
Lost Ruins of Arnak,312484
The Quacks of Quedlinburg,244521
Everdell,199792
Tzolk'in: The Mayan Calendar,126163
The Castles of Burgundy,84876
Tales of the Arabian Nights,34119
Grand Austria Hotel,182874
Concordia,124361
Great Western Trail (Second Edition),193738
Age of Empires III: The Age of Discovery,22545
Architects of the West Kingdom,236457
Glen More II: Chronicles,265188
Honey Buzz,284742
Alien Frontiers,48726
Just One,254640
Fresco,66188
Power Grid,2651
Rajas of the Ganges,220877
Twice as Clever!,269210
Clinic: Deluxe Edition,272739
Maracaibo,276025
Dinosaur Island,221194
Dominant Species,62219
Automania,176544
Agricola,31260
Roll Player,169426
Teotihuacan: City of Gods,229853
Orléans,164928
The Artemis Project,254713
Viticulture Essential Edition,183394
The Mind,244992
7 Wonders Duel,173346
The Lord of the Rings: Journeys in Middle-Earth,269385
For Sale,172
Carcassonne,822
Android: Netrunner,124742
Dominion,36218
Roll Through the Ages: The Bronze Age,37380
Telestrations: 12 Player Party Pack,46213
The 7th Continent,180263
War of the Ring: Second Edition,115746
Wavelength,262543
Stone Age,34635
Can't Stop,41
Catch Phrase!,19505
Last Will,97842
